file_name,job_id,is_downloaded
news_data_batch_part0.jsonl,batch_673cd00b60c88190b58b45178bf6ea62,1
news_data_batch_part1.jsonl,batch_673cd014aac08190a70a74e86e9a8272,1
news_data_batch_part2.jsonl,batch_673cd01df1908190b371fc1778917fbd,1
news_data_batch_part3.jsonl,batch_673cd02767f48190a269e8b683bce84a,1
news_data_batch_part4.jsonl,batch_673cd030fb788190b786c5a40806efc0,1
news_data_batch_part5.jsonl,batch_673cd03c849c81909eb1606c054583a6,1
news_data_batch_part6.jsonl,batch_673cd048763c8190a1264c46b3197151,1
news_data_batch_part7.jsonl,batch_673cd0534f4c81908af5d1e92d9a673e,1
news_data_batch_part8.jsonl,batch_673cd05d43f48190bc0c1528d73a05ad,1
news_data_batch_part9.jsonl,batch_673cd0669ee48190b4da0a6fc88fb4f3,1
news_data_batch_part10.jsonl,batch_673cd06ebec48190905de714e0528b3c,1
news_data_batch_part11.jsonl,batch_673cd077b8448190a15d241cf4f97882,1
news_data_batch_part12.jsonl,batch_673cd080c3ec819087dda6e376206b6f,1
news_data_batch_part13.jsonl,batch_673cd08a00e881909a1995704d1c75ec,1
news_data_batch_part14.jsonl,batch_673cd095fd2081908d59feb4b65277cd,1
news_data_batch_part15.jsonl,batch_673cd0a022ec8190a0dc69e1276f3828,1
news_data_batch_part16.jsonl,batch_673cd0a8f1f48190b24886e9bfbe1e08,1
news_data_batch_part17.jsonl,batch_673cd0b1718c8190a087c8cb09cb80ec,1
news_data_batch_part18.jsonl,batch_673cd0baa2ec8190b3990f858b3a8962,1
news_data_batch_part19.jsonl,batch_673cd0c5cde48190ae0fb4aae4be2fe7,1
news_data_batch_part20.jsonl,batch_673cd0d02b3c8190aa9036439ae3704a,1
news_data_batch_part21.jsonl,batch_673cd0da5918819087aaf82f12586313,1
news_data_batch_part22.jsonl,batch_673cd0e4ad008190b91540b6e1249904,1
news_data_batch_part23.jsonl,batch_673cd0ef6dec819095cdb082c2673b7e,1
news_data_batch_part24.jsonl,batch_673cd0f94a248190aa2f142737e3ea58,1
news_data_batch_part25.jsonl,batch_673cd10364588190a8a1afb6b278783a,1
news_data_batch_part26.jsonl,batch_673cd10e6df88190bc7c37f9da29ea0a,1
news_data_batch_part27.jsonl,batch_673cd1199bac819095e7a27854126ec5,1
news_data_batch_part28.jsonl,batch_673cd128418c819081a9aaa2e9b5f3eb,1
news_data_batch_part29.jsonl,batch_673cd1332f40819090e9c051c112c2c3,1
news_data_batch_part30.jsonl,batch_673cd13eda0c819098df7425afefbcfc,1
news_data_batch_part31.jsonl,batch_673cd14916088190850a6647bc73dc91,1
news_data_batch_part32.jsonl,batch_673cd1539128819084af3a597bc53030,1
news_data_batch_part33.jsonl,batch_673cd15dbc5c8190a2104b1777f73dc0,1
news_data_batch_part34.jsonl,batch_673cd16825788190ba1d3ae0aedaf693,1
news_data_batch_part35.jsonl,batch_673cd17285f88190a468405000f937b6,1
news_data_batch_part36.jsonl,batch_673cd17d2758819084916e47e3a37b7d,1
news_data_batch_part37.jsonl,batch_673cd1882cc48190b3259cdcfeb9ddd2,1
news_data_batch_part38.jsonl,batch_673cd19438d081908424fe705b0af7bc,1
news_data_batch_part39.jsonl,batch_673cd19fa88c8190b6ed201299286acc,1
news_data_batch_part40.jsonl,batch_673cd1aa13688190bb4818d45cba469a,1
news_data_batch_part41.jsonl,batch_673cd1b3b78481908df5c3e5d78be80a,1
news_data_batch_part42.jsonl,batch_673cd1bcbbfc8190b393720369b43f46,1
news_data_batch_part43.jsonl,batch_673cd1c670648190ac4b328d44311452,1
news_data_batch_part44.jsonl,batch_673cd1d533908190b9cdd9b2f0250219,1
news_data_batch_part45.jsonl,batch_673cd1e3386881909e810491a46536f0,1
news_data_batch_part46.jsonl,batch_673cd1ef54c48190bde3e679b9b07852,1
news_data_batch_part47.jsonl,batch_673cd1f91e1481908f346a9d3f13748e,1
news_data_batch_part48.jsonl,batch_673cd205543881908a3aac20673510d1,1
news_data_batch_part49.jsonl,batch_673cd20f19e08190b8362e4ff1bb8997,1
news_data_batch_part50.jsonl,batch_673cd21955d081909e2008194e0042ef,1
news_data_batch_part51.jsonl,batch_673cd222d71881908012712b00b85b91,1
news_data_batch_part52.jsonl,batch_673cd22ce6c481908c9094e867e54877,1
news_data_batch_part53.jsonl,batch_673cd2371a5c81908814664b00e3c7e7,1
news_data_batch_part54.jsonl,batch_673cd240dcb881908cb04c61f5588720,1
news_data_batch_part55.jsonl,batch_673cd24a76f08190b02c12e025461d7c,1
news_data_batch_part56.jsonl,batch_673cd254806c8190863945eddf7885da,1
news_data_batch_part57.jsonl,batch_673cd25e58c48190a0bf5659f4b35194,1
news_data_batch_part58.jsonl,batch_673cd26859748190b5e300193655daee,1
news_data_batch_part59.jsonl,batch_673cd2710a208190b2e38d086323f106,1
news_data_batch_part60.jsonl,batch_673cd27a1abc81908a37dc7135538173,1
news_data_batch_part61.jsonl,batch_673cd2829a948190bdd2733dda9c8bbd,1
news_data_batch_part62.jsonl,batch_673cd28bd9f88190aea50e053cb1c057,1
news_data_batch_part63.jsonl,batch_673cd2951cc48190985345f9480de935,1
news_data_batch_part64.jsonl,batch_673cd29e90208190ae16c65fdcf7ce22,1
news_data_batch_part65.jsonl,batch_673cd2a7e878819093e7687ca6556835,1
news_data_batch_part66.jsonl,batch_673cd2b1481081909a835e4b984b8eac,1
news_data_batch_part67.jsonl,batch_673cd2baab108190890ad32522150954,1
news_data_batch_part68.jsonl,batch_673cd2c46a9481908976a725b8a4c8dd,1
news_data_batch_part69.jsonl,batch_673cd2cd4e0c8190af37e53a5bdc2a01,1
news_data_batch_part70.jsonl,batch_673cd2d685f48190aae98ee70afe6a00,1
news_data_batch_part71.jsonl,batch_673cd2df4d9c8190bdaafe4a60c5fa01,1
news_data_batch_part72.jsonl,batch_673cd2e7f6748190a72d96a0a978dff9,1
news_data_batch_part73.jsonl,batch_673cd2f0c3fc8190854a47586fb54336,1
news_data_batch_part74.jsonl,batch_673cd2f971688190818963491372a31a,1
news_data_batch_part75.jsonl,batch_673cd301fca0819092cfe7b98964df43,1
news_data_batch_part76.jsonl,batch_673cd30a97f48190a321ac7dab934503,1
news_data_batch_part77.jsonl,batch_673cd31362148190992d5860017a4a73,1
news_data_batch_part78.jsonl,batch_673cd31c381081909cc18fc110079116,1
news_data_batch_part79.jsonl,batch_673cd3258adc8190b34ef6db33938f93,1
news_data_batch_part80.jsonl,batch_673cd32f06f48190b4378fb5fd640470,1
news_data_batch_part81.jsonl,batch_673cd337c2008190b25ab3a54a6d2ab0,1
news_data_batch_part82.jsonl,batch_673cd341533c8190ac4e3bdd237790f2,1
news_data_batch_part83.jsonl,batch_673cd34aa8bc819092a8fa1a85669a35,1
news_data_batch_part84.jsonl,batch_673cd35477d88190b6b8d8f4e5a6df1c,1
news_data_batch_part85.jsonl,batch_673cd35df1b48190bf3e4b7de87713a4,1
news_data_batch_part86.jsonl,batch_673cd36764748190bb347e238728821f,1
news_data_batch_part87.jsonl,batch_673cd37841f88190bd44d6b8f9fdfa68,1
news_data_batch_part88.jsonl,batch_673cd38159808190bc6b174234243fb5,1
news_data_batch_part89.jsonl,batch_673cd38989148190a99096f31e01a8a5,1
news_data_batch_part90.jsonl,batch_673cd392f9e4819082a0516bd0535561,1
news_data_batch_part91.jsonl,batch_673cd39d35788190a3ecb37d790e8bf1,1
news_data_batch_part92.jsonl,batch_673cd3a7630c819085bcac21cc3f3ec1,1
news_data_batch_part93.jsonl,batch_673cd3b258f48190a88e6c056af71d07,1
news_data_batch_part94.jsonl,batch_673cd3bbc8508190b98c49d97fabae4b,1
news_data_batch_part95.jsonl,batch_673cd3c5433c819097074bda4ec3ef81,1
news_data_batch_part96.jsonl,batch_673cd3ce295081908de91f2a661f4f5b,1
news_data_batch_part97.jsonl,batch_673cd3d8542881909b26e8dfdae58d09,1
news_data_batch_part98.jsonl,batch_673cd3e10e608190bd1acecd69e85289,1
news_data_batch_part99.jsonl,batch_673cf4276be08190860664411df7ea88,1
news_data_batch_part100.jsonl,batch_673cf42f510c8190be5ccaaf5d79bd68,1
news_data_batch_part101.jsonl,batch_673cf4378c708190a6d8b881fc249e61,1
news_data_batch_part102.jsonl,batch_673cf44018248190b506c92bce084b4f,1
news_data_batch_part103.jsonl,batch_673cf448262c8190a9a2b725c73d6dbf,1
news_data_batch_part104.jsonl,batch_673cf450b9108190940023710f4d2a1d,1
news_data_batch_part105.jsonl,batch_673cf45896908190918c71dd4510f347,1
news_data_batch_part106.jsonl,batch_673cf46105088190957c517fdf4ec1bd,1
news_data_batch_part107.jsonl,batch_673cf46c1dcc8190b0551de8ca85cd1c,1
news_data_batch_part108.jsonl,batch_673cf47a684c8190b09042fc68ec5dbd,1
news_data_batch_part109.jsonl,batch_673cf48268508190aed00346d1483a81,1
news_data_batch_part110.jsonl,batch_673cf48a6ec8819081fd66ddddb39a59,1
news_data_batch_part111.jsonl,batch_673cf493aee8819086a85b66af636e33,1
news_data_batch_part112.jsonl,batch_673cf49c5ca08190970d12acfdea1bdc,1
news_data_batch_part113.jsonl,batch_673cf4a4f2688190a3c3f00cd0152a77,1
news_data_batch_part114.jsonl,batch_673cf4ae8f9081909261fd92585b9a3b,1
news_data_batch_part115.jsonl,batch_673cf4ba098881908f5e356dd292a027,1
news_data_batch_part116.jsonl,batch_673cf4c29ab48190b88ae33a913667d3,1
news_data_batch_part117.jsonl,batch_673cf4cb23a08190a35e73abc6d43d33,1
news_data_batch_part118.jsonl,batch_673cf4d56ce08190b3f1acf9534d70b7,1
news_data_batch_part119.jsonl,batch_673cf4dcf4e88190b86253c1b681b0a8,1
news_data_batch_part120.jsonl,batch_673cf4e66ca481908536fccb1c496279,1
news_data_batch_part121.jsonl,batch_673cf4ef706c8190a7d2a88e05f08e92,1
news_data_batch_part122.jsonl,batch_673cf4f78c3c8190bedc1758ec543c2a,1
news_data_batch_part123.jsonl,batch_673cf500606881908186cc24c58a5715,1
news_data_batch_part124.jsonl,batch_673cf5087ed08190aa7993e4dbab0435,1
news_data_batch_part125.jsonl,batch_673cf5108ec88190bbd0b7ed64ec4df2,1
news_data_batch_part126.jsonl,batch_673cf51a0fb88190a8ebad198918b65d,1
news_data_batch_part127.jsonl,batch_673cf52341b88190a4e976c4da0074fa,1
news_data_batch_part128.jsonl,batch_673cf52c73b48190a35d4b49648e0ef1,1
news_data_batch_part129.jsonl,batch_673cf534bc6c8190954ff1c3ca32cac7,1
news_data_batch_part130.jsonl,batch_673cf53ca4448190bd731c7c2c881a38,1
news_data_batch_part131.jsonl,batch_673cf544391481909229b1c23175cb75,1
news_data_batch_part132.jsonl,batch_673cf54cc0288190a6c468ad70d43a58,1
news_data_batch_part133.jsonl,batch_673cf554b7b08190af7f16622786cfd5,1
news_data_batch_part134.jsonl,batch_673cf55c9b9c8190a873c1b6607135ec,1
news_data_batch_part135.jsonl,batch_673cf564a6d48190b50e8a80caff5c80,1
news_data_batch_part136.jsonl,batch_673cf56d76448190bd346a8811239ab1,1
news_data_batch_part137.jsonl,batch_673cf576941081908978e142894bb924,1
news_data_batch_part138.jsonl,batch_673cf5806b4c819095b13945dc2370f2,1
news_data_batch_part139.jsonl,batch_673cf588fad08190bf8520da6eec8a54,1
news_data_batch_part140.jsonl,batch_673cf59185f08190b09dae6456a2f5e0,1
news_data_batch_part141.jsonl,batch_673cf59a17408190893b091cd7bb6d76,1
news_data_batch_part142.jsonl,batch_673cf5a2bda88190b6bfb3c4d6603ec5,1
news_data_batch_part143.jsonl,batch_673cf5ac6d1881908b4196a63b209d03,1
news_data_batch_part144.jsonl,batch_673cf5b67490819097259dc3a0f5cad1,1
news_data_batch_part145.jsonl,batch_673cf5c04c9c81909028547b4e8b4d48,1
news_data_batch_part146.jsonl,batch_673cf5c826388190aad561f943995ae5,1
news_data_batch_part147.jsonl,batch_673cf5d107148190981ec83fd3707bd3,1
news_data_batch_part148.jsonl,batch_673cf5d8ce28819088ed9c91b7060d48,1
news_data_batch_part149.jsonl,batch_673cf5e036648190b809346bdeb9cd94,1
news_data_batch_part150.jsonl,batch_673cf5e7ef1c8190b868b177487f92cd,1
news_data_batch_part151.jsonl,batch_673cf5ef4ef48190a0484e3f56e8fb68,1
news_data_batch_part152.jsonl,batch_673cf5f733fc8190bdf4f1a4c7789102,1
news_data_batch_part153.jsonl,batch_673cf5fdd7008190af7ea232c87b8edb,1
news_data_batch_part154.jsonl,batch_673cf604ea0081909aa80984e6dc40ae,1
news_data_batch_part155.jsonl,batch_673cf60c7e5c81908edbf2ce02206317,1
news_data_batch_part156.jsonl,batch_673cf61403848190bd3ba4074b0757aa,1
news_data_batch_part157.jsonl,batch_673cf61b40ec8190a34029d4ec44ddb4,1
news_data_batch_part158.jsonl,batch_673cf622815c81908ac88721393c1d52,1
news_data_batch_part159.jsonl,batch_673cf62a0f808190a3a07ab4637c7a29,1
news_data_batch_part160.jsonl,batch_673cf6325c988190bfd2a71a2f28948f,1
news_data_batch_part161.jsonl,batch_673cf63bc4d88190801fb593c9effb1e,1
news_data_batch_part162.jsonl,batch_673cf6436e948190adc333e6a4c17c75,1
news_data_batch_part163.jsonl,batch_673cf64ad7e8819081aeef97d9fadb87,1
news_data_batch_part164.jsonl,batch_673cf652ff2c8190943e260307dfd832,1
news_data_batch_part165.jsonl,batch_673cf65ada648190b8717a54b0ff47ec,1
news_data_batch_part166.jsonl,batch_673cf66345e881909c3ad8433e1183fd,1
news_data_batch_part167.jsonl,batch_673cf66b01d48190b38a7a44930de90d,1
news_data_batch_part168.jsonl,batch_673cf673dfa48190a8bc64a226ba55d4,1
news_data_batch_part169.jsonl,batch_673cf67c5aa081909765456fc40ea8d1,1
news_data_batch_part170.jsonl,batch_673cf68566708190ac2e042836874fb2,1
news_data_batch_part171.jsonl,batch_673cf68cdf248190bcbc3576804d388c,1
news_data_batch_part172.jsonl,batch_673cf694561c81908fd4f4d5c8918797,1
news_data_batch_part173.jsonl,batch_673cf69c00508190b21c25c7f53c332f,1
news_data_batch_part174.jsonl,batch_673cf6a2efb48190824dd28e7e3a6626,1
news_data_batch_part175.jsonl,batch_673cf6ab114081908aea9cf5aa512064,1
news_data_batch_part176.jsonl,batch_673cf6b22d5c8190b17a7f4c29b1f989,1
news_data_batch_part177.jsonl,batch_673cf6b9ad488190a86852b181959f6f,1
news_data_batch_part178.jsonl,batch_673cf6c0c4388190b046afbc2fdb6698,1
news_data_batch_part179.jsonl,batch_673cf6c949388190bc38a2f795ad49a8,1
news_data_batch_part180.jsonl,batch_673cf6d26a9881908b0d55ba914c49d0,1
news_data_batch_part181.jsonl,batch_673cf6db3edc8190b69735121d26c3df,1
news_data_batch_part182.jsonl,batch_673cf6e359bc8190843358826499c946,1
news_data_batch_part183.jsonl,batch_673cf6eb2fc08190b99c7ae933c4ed01,1
news_data_batch_part184.jsonl,batch_673cf6f30610819092ce419fecf3cd28,1
news_data_batch_part185.jsonl,batch_673cf6fa98e4819094ca6705f6155bcc,1
news_data_batch_part186.jsonl,batch_673cf701a784819084ec35d7c812702e,1
news_data_batch_part187.jsonl,batch_673cf70948d0819092958589b599274d,1
news_data_batch_part188.jsonl,batch_673cf7113c7481908ec83cfce7a58026,1
news_data_batch_part189.jsonl,batch_673cf71a23848190947d25a675e1f2fb,1
news_data_batch_part190.jsonl,batch_673cf722210481908e59bd59e5eff6c3,1
news_data_batch_part191.jsonl,batch_673cf729869c8190975951bf1ced0801,1
news_data_batch_part192.jsonl,batch_673cf73159708190a38638f55122bfb3,1
news_data_batch_part193.jsonl,batch_673cf73914ec8190b27678caa99ae859,1
news_data_batch_part194.jsonl,batch_673cf7409acc8190bbd49603c3a179d7,1
news_data_batch_part195.jsonl,batch_673cf747f2848190ababd5519e8f8b85,1
news_data_batch_part196.jsonl,batch_673cf74fa3bc81909ec7bd140327247a,1
news_data_batch_part197.jsonl,batch_673cf756f1b48190887d807907495019,1
news_data_batch_part198.jsonl,batch_673d2049ca8881909b0926ecac42f08f,1
news_data_batch_part199.jsonl,batch_673d20524d5c8190a4c3b5d0be8f3304,1
news_data_batch_part200.jsonl,batch_673d205aeff0819084bd4ed6741d2dc9,1
news_data_batch_part201.jsonl,batch_673d206440b4819096b0365f3d3f089e,1
news_data_batch_part202.jsonl,batch_673d206c21ac819088b2cd73a961bc49,1
news_data_batch_part203.jsonl,batch_673d20740c7481908a0dbcdbeff800d8,1
news_data_batch_part204.jsonl,batch_673d207b61448190addfc16d888a91d8,1
news_data_batch_part205.jsonl,batch_673d20830b0c8190beeb1d99317764c9,1
news_data_batch_part206.jsonl,batch_673d208a97748190bc7506b20b2365c3,1
news_data_batch_part207.jsonl,batch_673d2092d9ac819087f8a70a6fac5084,1
news_data_batch_part208.jsonl,batch_673d209b4d6c8190be5e1102d5959308,1
news_data_batch_part209.jsonl,batch_673d20a409548190a4d3d28ae939c0d6,1
news_data_batch_part210.jsonl,batch_673d20acb98c8190bf8be459783d067f,1
news_data_batch_part211.jsonl,batch_673d20b52c208190a7839f87cef1591a,1
news_data_batch_part212.jsonl,batch_673d20be328881908e3fd18a9f9f6b08,1
news_data_batch_part213.jsonl,batch_673d20c7558c8190ac996acbc0415c6b,1
news_data_batch_part214.jsonl,batch_673d20d1276c8190b05034dcd263f150,1
news_data_batch_part215.jsonl,batch_673d20db6ad081908a7d5601357a55d6,1
news_data_batch_part216.jsonl,batch_673d20e4d7a08190894bdbdc573b6ebf,1
news_data_batch_part217.jsonl,batch_673d20edef3c8190a98abadcf2c59211,1
news_data_batch_part218.jsonl,batch_673d20f6afec8190b5b2ebe4ee2f04ee,1
news_data_batch_part219.jsonl,batch_673d21001c988190aee6844abe792524,1
news_data_batch_part220.jsonl,batch_673d210fcf508190aa9833964f8ecfaf,1
news_data_batch_part221.jsonl,batch_673d212263608190af81f4bea8da2c8a,1
news_data_batch_part222.jsonl,batch_673d213539688190a684c8abdb4a17c5,1
news_data_batch_part223.jsonl,batch_673d21429a448190ada699234245d744,1
news_data_batch_part224.jsonl,batch_673d214a730081909135a9f8363966a9,1
news_data_batch_part225.jsonl,batch_673d215ad0108190a5e77e25a8d30360,1
news_data_batch_part226.jsonl,batch_673d217131c4819081b1425288ff8e9f,1
news_data_batch_part227.jsonl,batch_673d217b0a9881908ace8fc2f7794c2c,1
news_data_batch_part228.jsonl,batch_673d2183b7a08190a76b2e128ac9d86c,1
news_data_batch_part229.jsonl,batch_673d218bd68881908312029e92239804,1
news_data_batch_part230.jsonl,batch_673d2193d92c8190a19755deb1abbc82,1
news_data_batch_part231.jsonl,batch_673d219c04c48190aa45a254819ffdc0,1
news_data_batch_part232.jsonl,batch_673d21a332a8819090179254251bb882,1
news_data_batch_part233.jsonl,batch_673d21ac81cc8190b68f31cd4bb10570,1
news_data_batch_part234.jsonl,batch_673d21b4d0008190b89689dd2a69f554,1
news_data_batch_part235.jsonl,batch_673d21bcfbcc8190955d8ae7c186d4d5,1
news_data_batch_part236.jsonl,batch_673d21c4bfc88190959404406e029565,1
news_data_batch_part237.jsonl,batch_673d21ccab408190a3c409305b03e03b,1
news_data_batch_part238.jsonl,batch_673d21d4f5b08190a030b708b95e34ad,1
news_data_batch_part239.jsonl,batch_673d21dd6ae08190863cb7c60d6d7f6b,1
news_data_batch_part240.jsonl,batch_673d21e5ce9481908967006f0456261e,1
news_data_batch_part241.jsonl,batch_673d21ee504c8190871d56c4dac0cff4,1
news_data_batch_part242.jsonl,batch_673d21fba9b08190b6fcb663eb2c683b,1
news_data_batch_part243.jsonl,batch_673d220c18648190a10ed72a1c36a6bd,1
news_data_batch_part244.jsonl,batch_673d221579388190b7273ce2fd2051ad,1
news_data_batch_part245.jsonl,batch_673d221da8b08190b92e00faa0b3f0ea,1
news_data_batch_part246.jsonl,batch_673d222668988190be2afa232bc20fd4,1
news_data_batch_part247.jsonl,batch_673d222f0d5081908ba66aef63415e7a,1
news_data_batch_part248.jsonl,batch_673d22389c7c81909e07a1818a594459,1
news_data_batch_part249.jsonl,batch_673d2242cb648190b47f9a8ce1dff5c7,1
news_data_batch_part250.jsonl,batch_673d224b4e448190bfb9c4c2ef488c8a,1
news_data_batch_part251.jsonl,batch_673d2253bd8c81908558ffe8fd4fa639,1
news_data_batch_part252.jsonl,batch_673d225c1a3881909bc29da6f25ecb77,1
news_data_batch_part253.jsonl,batch_673d226590dc8190b59759abbb75e2ab,1
news_data_batch_part254.jsonl,batch_673d226eb1bc81908a1de06c3298756c,1
news_data_batch_part255.jsonl,batch_673d2277a98481909a84d862e991d642,1
news_data_batch_part256.jsonl,batch_673d22801e7c8190927cf62bd729ea19,1
news_data_batch_part257.jsonl,batch_673d228837ac8190bcd4613bb93a34f4,1
news_data_batch_part258.jsonl,batch_673d2291776c819084b831860cc1ab55,1
news_data_batch_part259.jsonl,batch_673d2299dd9c8190b2b9b3b5c53563c6,1
news_data_batch_part260.jsonl,batch_673d22a2450c8190a1cf74049c664f61,1
news_data_batch_part261.jsonl,batch_673d22ab750881909e98c1be6596a7c3,1
news_data_batch_part262.jsonl,batch_673d22b5d2f481908a483e1f27435f79,1
news_data_batch_part263.jsonl,batch_673d22c097208190a7abddb0b35b8994,1
news_data_batch_part264.jsonl,batch_673d22cb47fc8190914aa8eda9f1c754,1
news_data_batch_part265.jsonl,batch_673d22d4d7e8819094af430dddbb9820,1
news_data_batch_part266.jsonl,batch_673d22dfa1c88190b4b0a83d45358447,1
news_data_batch_part267.jsonl,batch_673d22e8d1ec8190b7e9525c08ee7321,1
news_data_batch_part268.jsonl,batch_673d22f190648190b59871bcf005340d,1
news_data_batch_part269.jsonl,batch_673d22fa97148190ad79e8a49b175fd7,1
news_data_batch_part270.jsonl,batch_673d2304c70081909da1f09bf5eff0dd,1
news_data_batch_part271.jsonl,batch_673d230ff4d8819097b86bf19b038cae,1
news_data_batch_part272.jsonl,batch_673d231a2b108190aa0ba37d04845aaa,1
news_data_batch_part273.jsonl,batch_673d2323a65481908c27afc50226ffd3,1
news_data_batch_part274.jsonl,batch_673d232e758c81908f5706dce367cc68,1
news_data_batch_part275.jsonl,batch_673d233830748190910626efffe0f7dc,1
news_data_batch_part276.jsonl,batch_673d23414b6081908a42158d14cf2ad8,1
news_data_batch_part277.jsonl,batch_673d234a029c8190b49e7ff0b20137a8,1
news_data_batch_part278.jsonl,batch_673d235361548190aed8da492311ce47,1
news_data_batch_part279.jsonl,batch_673d2356944c8190b53789f05ac134af,1
